mutant_label,sequencing_primer,oligo_label,sequence,scale,purification
t121h+l167a+p168g+l171h+n176a+y179l,T7pro,3b9ac8b6-5233-4c1b-b94e-dd88a3eced26,attggcatcactcatCAGtttgcgCGCggtcggggtatcATGggtaacGCCCGCaatacccaggctggt,25nm,standard
t121h+l167a+p168g+l171h+n176a+y179l,T7pro,77a1f5d4-579d-4fac-b96b-d2e205318016,tgctgcgctggcaccATGcagaacaaacagacc,25nm,standard
t121h+p168g+l171h+v194t+f217y,T7pro,61a2cffb-664a-4b4c-ae97-5e9e5f49ba8f,tttgctcttggtttcATAtttaaccagactacc,25nm,standard
t121h+p168g+l171h+v194t+f217y,T7pro,d6455c39-c1ce-4cdb-81d8-8194efb254b1,aaacagtttttctgcGGTttcgctcagcggtgt,25nm,standard
t121h+p168g+l171h+v194t+f217y,T7pro,4040e53e-01da-49b5-a7ef-1c5237af84ab,attggtcggggtatcATGggtaacGCCcagaatacccaggct,25nm,standard
t121h+p168g+l171h+v194t+f217y,T7pro,e7cd2b8b-d47a-43b4-873b-1a77fe9e0610,tgctgcgctggcaccATGcagaacaaacagacc,25nm,standard
t121h+p168g+l171h+v194t+f217y,T7pro,ed26ce74-f5e6-42cc-9e5a-26f46d5d4056,tttgctcttggtttcATAtttaaccagactacc,25nm,standard
t121h+p168g+l171h+v194t+f217y,T7pro,95e2bd01-8647-4e12-9c80-c829683141a3,aaacagtttttctgcGGTttcgctcagcggtgt,25nm,standard
t121h+p168g+l171h+v194t+f217y,T7pro,07b36572-6222-4cc2-84e7-6a0c878647b0,attggtcggggtatcATGggtaacGCCcagaatacccaggct,25nm,standard
t121h+p168g+l171h+v194t+f217y,T7pro,ddaeaa22-0426-4f94-8017-116610f2eb98,tgctgcgctggcaccATGcagaacaaacagacc,25nm,standard
t121h+i166h+p168g+l171h+v194t+f217y,T7pro,6d4e4af0-2ebb-4421-bc6d-7f972c9a513d,tttgctcttggtttcATAtttaaccagactacc,25nm,standard
t121h+i166h+p168g+l171h+v194t+f217y,T7pro,333b3914-a7fb-4069-95a0-80319bc6f0fc,aaacagtttttctgcGGTttcgctcagcggtgt,25nm,standard
t121h+i166h+p168g+l171h+v194t+f217y,T7pro,4d3c82eb-7fce-4ed1-a8b7-d90b3632bc13,attggtcggggtatcATGggtaacGCCcagATGacccaggctggtgct,25nm,standard
t121h+i166h+p168g+l171h+v194t+f217y,T7pro,a0cef27f-fc1c-411d-9a1b-1e2463853cc3,tgctgcgctggcaccATGcagaacaaacagacc,25nm,standard
t121h+i166h+l171h+v194t+f217y,T7pro,0f0ee7b1-98f2-4609-88a3-d4d8414722ef,tttgctcttggtttcATAtttaaccagactacc,25nm,standard
t121h+i166h+l171h+v194t+f217y,T7pro,5a562d66-0bc6-4c58-895b-71238430f9ee,aaacagtttttctgcGGTttcgctcagcggtgt,25nm,standard
t121h+i166h+l171h+v194t+f217y,T7pro,82b83c85-3c93-490f-b6db-94c15349210c,attggtcggggtatcATGggtaaccggcagATGacccaggctggtgct,25nm,standard
t121h+i166h+l171h+v194t+f217y,T7pro,cefaff4c-1700-47bb-9252-6da6b04015cb,tgctgcgctggcaccATGcagaacaaacagacc,25nm,standard
t121h+l171h+v194t+f217y,T7pro,1475b16a-304f-4572-9d12-06cf8b4b91c0,tttgctcttggtttcATAtttaaccagactacc,25nm,standard
t121h+l171h+v194t+f217y,T7pro,a326f01f-03e3-4e56-a6ee-86381a5cd904,aaacagtttttctgcGGTttcgctcagcggtgt,25nm,standard
t121h+l171h+v194t+f217y,T7pro,5c47db8e-d642-4ea4-825a-d7d4380d8f1a,attggtcggggtatcATGggtaaccggcagaat,25nm,standard
t121h+l171h+v194t+f217y,T7pro,6f607c89-b067-4647-8786-82b89803b841,tgctgcgctggcaccATGcagaacaaacagacc,25nm,standard
t121h+l171h+f217y,T7pro,c984ee0c-27a0-428c-b1a5-c5f2de47f735,tttgctcttggtttcATAtttaaccagactacc,25nm,standard
t121h+l171h+f217y,T7pro,e49d3b2d-d045-455d-9ca4-3c24adaf54d1,attggtcggggtatcATGggtaaccggcagaat,25nm,standard
t121h+l171h+f217y,T7pro,a1092033-a75f-4534-9911-9c0974e44a87,tgctgcgctggcaccATGcagaacaaacagacc,25nm,standard
t121h+s124y+p168g+l171h+f217y,T7pro,7dbb9dd3-8530-4b19-90ac-c171b0d0c7c7,tttgctcttggtttcATAtttaaccagactacc,25nm,standard
t121h+s124y+p168g+l171h+f217y,T7pro,2f51c169-f79a-455e-a49d-32d9c89c323a,attggtcggggtatcATGggtaacGCCcagaatacccaggct,25nm,standard
t121h+s124y+p168g+l171h+f217y,T7pro,36d08da6-0f18-49d7-bd16-6637e7ed3f17,acgattcagtgctgcATAggcaccATGcagaacaaacagacc,25nm,standard
t121h+a123f+p168g+l171h+f217y,T7pro,7df0dc85-ba6a-4e58-950f-b4bfcf02a692,tttgctcttggtttcATAtttaaccagactacc,25nm,standard
t121h+a123f+p168g+l171h+f217y,T7pro,0fd94aa5-def1-41d7-818e-54364b5b6289,attggtcggggtatcATGggtaacGCCcagaatacccaggct,25nm,standard
t121h+a123f+p168g+l171h+f217y,T7pro,a45669e9-5e4f-4d71-b362-a3b4175fc496,attcagtgctgcgctAAAaccATGcagaacaaacagacc,25nm,standard
t121h+p168g+l171h+y179l,T7pro,3843bca9-1e5d-4ac6-a8e6-ecc36c52c1a7,attggcatcactcatCAGtttgcgattggtcggggtatcATGggtaacGCCcagaatacccaggct,25nm,standard
t121h+p168g+l171h+y179l,T7pro,ec53df7e-9254-4825-b322-67c1e7e705e3,tgctgcgctggcaccATGcagaacaaacagacc,25nm,standard
t121h+p168g+l171h,T7pro,af29e6a8-d130-4d01-8ae9-56826296af7e,attggtcggggtatcATGggtaacGCCcagaatacccaggct,25nm,standard
t121h+p168g+l171h,T7pro,d48daea6-439b-4993-a898-c654ae0e3a84,tgctgcgctggcaccATGcagaacaaacagacc,25nm,standard
t121h+l171h,T7pro,4b38ab26-b901-4956-bf98-d9e754aa1667,attggtcggggtatcATGggtaaccggcagaat,25nm,standard
t121h+l171h,T7pro,15346009-d7c1-4b9a-a1c2-8b6c09f58268,tgctgcgctggcaccATGcagaacaaacagacc,25nm,standard
t121h+p168g+t170a+l171h,T7pro,8aff5218-d67b-4ef5-aaab-0613c68bed0c,attggtcggggtatcATGCGCaacGCCcagaatacccaggct,25nm,standard
t121h+p168g+t170a+l171h,T7pro,7a1df364-4e7f-4b3c-bec5-af696d2f9774,tgctgcgctggcaccATGcagaacaaacagacc,25nm,standard
t121h+p168g+t170i+l171h,T7pro,856409b1-0336-45b4-9849-97e24ead11c1,attggtcggggtatcATGAATaacGCCcagaatacccaggct,25nm,standard
t121h+p168g+t170i+l171h,T7pro,92fdbcd3-24ca-445d-a653-9b3a764ed767,tgctgcgctggcaccATGcagaacaaacagacc,25nm,standard
t121h+p168g+t170f+l171h,T7pro,6353218c-6e78-4c6a-8f14-674387e0023e,attggtcggggtatcATGAAAaacGCCcagaatacccaggct,25nm,standard
t121h+p168g+t170f+l171h,T7pro,95c39364-2e88-4bfa-b2c6-ec6ddb52d840,tgctgcgctggcaccATGcagaacaaacagacc,25nm,standard
t121h+p168g+t170y+l171h+m180y,T7pro,e84b8b0b-a0c6-4f1e-a45e-44e2f32d098d,aaaattggcatcactATAatatttgcgattggtcggggtatcATGATAaacGCCcagaatacccaggct,25nm,standard
t121h+p168g+t170y+l171h+m180y,T7pro,9c2441bf-1472-46c8-affc-cb781f7fbd27,tgctgcgctggcaccATGcagaacaaacagacc,25nm,standard
t121h+p168g+l171h+v194t,T7pro,4653c432-d76f-4d4b-81b0-7ab2522a2cc0,aaacagtttttctgcGGTttcgctcagcggtgt,25nm,standard
t121h+p168g+l171h+v194t,T7pro,be19a14a-2180-440c-a57f-a5f2f9e43d4c,attggtcggggtatcATGggtaacGCCcagaatacccaggct,25nm,standard
t121h+p168g+l171h+v194t,T7pro,f14cf312-33a7-486f-9718-f7a03c72d253,tgctgcgctggcaccATGcagaacaaacagacc,25nm,standard
